{"cameraMode":{"drawMode":0,"name":"Shaded","section":"Shading Mode"},"sceneLighting":true,"audioPlay":false,"sceneViewState":{"showFog":false,"showMaterialUpdate":false,"showSkybox":false,"showFlares":false,"showImageEffects":false,"showParticleSystems":false},"in2DMode":false,"pivot":{"x":-1.2469727993011475,"y":57.64732360839844,"z":-11.0303955078125},"rotation":{"x":0.6588636040687561,"y":-0.0021768806036561729,"z":0.005543624050915241,"w":0.7530363202095032},"size":146.37258911132813,"orthographic":false}