{"cameraMode":{"drawMode":0,"name":"Shaded","section":"Shading Mode"},"sceneLighting":true,"audioPlay":false,"sceneViewState":{"showFog":false,"showMaterialUpdate":false,"showSkybox":false,"showFlares":false,"showImageEffects":false,"showParticleSystems":false},"in2DMode":false,"pivot":{"x":44.33175277709961,"y":84.21549987792969,"z":102.6329574584961},"rotation":{"x":-0.22915169596672059,"y":0.7709620594978333,"z":-0.4149523675441742,"w":-0.4255463778972626},"size":164.04310607910157,"orthographic":false}