{"cameraMode":{"drawMode":0,"name":"Shaded","section":"Shading Mode"},"sceneLighting":true,"audioPlay":false,"sceneViewState":{"showFog":false,"showMaterialUpdate":false,"showSkybox":false,"showFlares":false,"showImageEffects":false,"showParticleSystems":false},"in2DMode":false,"pivot":{"x":-116.93925476074219,"y":-171.8088836669922,"z":239.86886596679688},"rotation":{"x":0.30251601338386538,"y":-0.24288862943649293,"z":0.08072195202112198,"w":0.9186146259307861},"size":591.3115844726563,"orthographic":false}