{"cameraMode":{"drawMode":0,"name":"Shaded","section":"Shading Mode"},"sceneLighting":true,"audioPlay":false,"sceneViewState":{"showFog":true,"showMaterialUpdate":true,"showSkybox":false,"showFlares":true,"showImageEffects":true,"showParticleSystems":true},"in2DMode":false,"pivot":{"x":6.655771732330322,"y":42.821495056152347,"z":16.397104263305665},"rotation":{"x":0.45651233196258547,"y":-0.16616815328598023,"z":0.17759470641613007,"w":0.8558449745178223},"size":55.86971664428711,"orthographic":true}