{"cameraMode":{"drawMode":0,"name":"Shaded","section":"Shading Mode"},"sceneLighting":false,"audioPlay":false,"sceneViewState":{"showFog":true,"showMaterialUpdate":true,"showSkybox":false,"showFlares":true,"showImageEffects":true,"showParticleSystems":true},"in2DMode":false,"pivot":{"x":76.69000244140625,"y":236.12020874023438,"z":5.390002250671387},"rotation":{"x":0.15534284710884095,"y":0.8402062654495239,"z":-0.41205698251724245,"w":0.3168734312057495},"size":105.91639709472656,"orthographic":false}