{"cameraMode":{"drawMode":0,"name":"Shaded","section":"Shading Mode"},"sceneLighting":true,"audioPlay":false,"sceneViewState":{"showFog":false,"showMaterialUpdate":false,"showSkybox":false,"showFlares":false,"showImageEffects":false,"showParticleSystems":false},"in2DMode":false,"pivot":{"x":-0.60992431640625,"y":3.163999557495117,"z":-0.9651775360107422},"rotation":{"x":-0.7113819122314453,"y":0.0005205267225392163,"z":-0.0015829165931791068,"w":-0.7037235498428345},"size":245.8953399658203,"orthographic":false}