{"cameraMode":{"drawMode":0,"name":"Shaded","section":"Shading Mode"},"sceneLighting":true,"audioPlay":false,"sceneViewState":{"showFog":false,"showMaterialUpdate":false,"showSkybox":false,"showFlares":false,"showImageEffects":false,"showParticleSystems":false},"in2DMode":false,"pivot":{"x":15.165307998657227,"y":-77.5601806640625,"z":117.08285522460938},"rotation":{"x":0.40420395135879519,"y":0.07822420448064804,"z":-0.032640423625707629,"w":0.9113121032714844},"size":423.6271057128906,"orthographic":false}