{"cameraMode":{"drawMode":0,"name":"Shaded","section":"Shading Mode"},"sceneLighting":true,"audioPlay":false,"sceneViewState":{"showFog":false,"showMaterialUpdate":false,"showSkybox":false,"showFlares":false,"showImageEffects":false,"showParticleSystems":false},"in2DMode":false,"pivot":{"x":19.44886589050293,"y":-24.06038475036621,"z":-16.37993049621582},"rotation":{"x":-0.1418682485818863,"y":0.7634792327880859,"z":-0.6040138602256775,"w":-0.17932811379432679},"size":129.61672973632813,"orthographic":false}