{"cameraMode":{"drawMode":0,"name":"Shaded","section":"Shading Mode"},"sceneLighting":true,"audioPlay":false,"sceneViewState":{"showFog":false,"showMaterialUpdate":false,"showSkybox":false,"showFlares":false,"showImageEffects":false,"showParticleSystems":false},"in2DMode":false,"pivot":{"x":-16.588542938232423,"y":-183.02731323242188,"z":-113.52743530273438},"rotation":{"x":0.039313655346632007,"y":-0.9257906079292297,"z":0.36320364475250246,"w":0.10158172994852066},"size":404.1144104003906,"orthographic":false}