{"cameraMode":{"drawMode":0,"name":"Shaded","section":"Shading Mode"},"sceneLighting":true,"audioPlay":false,"sceneViewState":{"showFog":true,"showMaterialUpdate":true,"showSkybox":true,"showFlares":true,"showImageEffects":true,"showParticleSystems":true},"in2DMode":false,"pivot":{"x":12.549461364746094,"y":1.7402676343917847,"z":3.8276944160461427},"rotation":{"x":0.03429686650633812,"y":0.09548646211624146,"z":-0.0031095852609723808,"w":0.9950134754180908},"size":3.609898090362549,"orthographic":false}