{"cameraMode":{"drawMode":0,"name":"Shaded","section":"Shading Mode"},"sceneLighting":true,"audioPlay":false,"sceneViewState":{"showFog":true,"showMaterialUpdate":true,"showSkybox":false,"showFlares":true,"showImageEffects":true,"showParticleSystems":true},"in2DMode":false,"pivot":{"x":-16.580135345458986,"y":-29.89044189453125,"z":-7.223644256591797},"rotation":{"x":-0.010721931234002114,"y":0.49127867817878725,"z":-0.006046304479241371,"w":-0.8709194660186768},"size":15.646315574645996,"orthographic":false}